{
  "$schema": "https://raw.githubusercontent.com/spdx/spdx-spec/v2.2.1/schemas/spdx-schema.json",
  "spdxVersion": "SPDX-2.2",
  "dataLicense": "CC0-1.0",
  "SPDXID": "SPDXRef-DOCUMENT",
  "documentNamespace": "https://spdx.org/spdxdocs/pugixml-x64-windows-1.14-d251604c-e1b2-435e-a8a4-8bdf658fa979",
  "name": "pugixml:x64-windows@1.14 f4f05221863a3642ab7d2185e036774566261ee7ed3c990eb4a994e22c0a25bb",
  "creationInfo": {
    "creators": [
      "Tool: vcpkg-2024-07-10-d2dfc73769081bdd9b782d08d27794780b7a99b9"
    ],
    "created": "2024-07-14T10:33:20Z"
  },
  "relationships": [
    {
      "spdxElementId": "SPDXRef-port",
      "relationshipType": "GENERATES",
      "relatedSpdxElement": "SPDXRef-binary"
    },
    {
      "spdxElementId": "SPDXRef-port",
      "relationshipType": "CONTAINS",
      "relatedSpdxElement": "SPDXRef-file-0"
    },
    {
      "spdxElementId": "SPDXRef-port",
      "relationshipType": "CONTAINS",
      "relatedSpdxElement": "SPDXRef-file-1"
    },
    {
      "spdxElementId": "SPDXRef-binary",
      "relationshipType": "GENERATED_FROM",
      "relatedSpdxElement": "SPDXRef-port"
    },
    {
      "spdxElementId": "SPDXRef-file-0",
      "relationshipType": "CONTAINED_BY",
      "relatedSpdxElement": "SPDXRef-port"
    },
    {
      "spdxElementId": "SPDXRef-file-1",
      "relationshipType": "CONTAINED_BY",
      "relatedSpdxElement": "SPDXRef-port"
    }
  ],
  "packages": [
    {
      "name": "pugixml",
      "SPDXID": "SPDXRef-port",
      "versionInfo": "1.14",
      "downloadLocation": "git+https://github.com/Microsoft/vcpkg#ports/pugixml",
      "homepage": "https://github.com/zeux/pugixml",
      "licenseConcluded": "MIT",
      "licenseDeclared": "NOASSERTION",
      "copyrightText": "NOASSERTION",
      "description": "Light-weight, simple and fast XML parser for C++ with XPath support",
      "comment": "This is the port (recipe) consumed by vcpkg."
    },
    {
      "name": "pugixml:x64-windows",
      "SPDXID": "SPDXRef-binary",
      "versionInfo": "f4f05221863a3642ab7d2185e036774566261ee7ed3c990eb4a994e22c0a25bb",
      "downloadLocation": "NONE",
      "licenseConcluded": "MIT",
      "licenseDeclared": "NOASSERTION",
      "copyrightText": "NOASSERTION",
      "comment": "This is a binary package built by vcpkg."
    },
    {
      "SPDXID": "SPDXRef-resource-1",
      "name": "zeux/pugixml",
      "downloadLocation": "git+https://github.com/zeux/pugixml@v1.14",
      "licenseConcluded": "NOASSERTION",
      "licenseDeclared": "NOASSERTION",
      "copyrightText": "NOASSERTION",
      "checksums": [
        {
          "algorithm": "SHA512",
          "checksumValue": "730d203829eb24d6e1c873f9b921ae97cf7a157fd45504151bc2e61adea5c536eaf33ff38c5ad61629b54a6686135ff1834a61102b4660fbb9ead4ecf20dfd34"
        }
      ]
    }
  ],
  "files": [
    {
      "fileName": "./C:/Users/dogef/Documents/cpp files/libraries/assimp/vcpkg/ports/pugixml/portfile.cmake",
      "SPDXID": "SPDXRef-file-0",
      "checksums": [
        {
          "algorithm": "SHA256",
          "checksumValue": "846682881459bda09b6be7922e5aff582745c178b861288ab7b2f17da375b67d"
        }
      ],
      "licenseConcluded": "NOASSERTION",
      "copyrightText": "NOASSERTION"
    },
    {
      "fileName": "./C:/Users/dogef/Documents/cpp files/libraries/assimp/vcpkg/ports/pugixml/vcpkg.json",
      "SPDXID": "SPDXRef-file-1",
      "checksums": [
        {
          "algorithm": "SHA256",
          "checksumValue": "62e5f66d1d657886d7def39f57505daf89ae2be6bb27c87e47a30301bfb0d168"
        }
      ],
      "licenseConcluded": "NOASSERTION",
      "copyrightText": "NOASSERTION"
    }
  ]
}
