{
  "$schema": "https://raw.githubusercontent.com/spdx/spdx-spec/v2.2.1/schemas/spdx-schema.json",
  "spdxVersion": "SPDX-2.2",
  "dataLicense": "CC0-1.0",
  "SPDXID": "SPDXRef-DOCUMENT",
  "documentNamespace": "https://spdx.org/spdxdocs/jhasse-poly2tri-x64-windows-2023-12-27-19d8a66b-aaff-4cec-be70-9fb456ebc1bc",
  "name": "jhasse-poly2tri:x64-windows@2023-12-27 8dd89486a3d0cfdc3e7b77dd3c5abcc84d420bcb46a4e0c5893c014dd6fc642d",
  "creationInfo": {
    "creators": [
      "Tool: vcpkg-2024-07-10-d2dfc73769081bdd9b782d08d27794780b7a99b9"
    ],
    "created": "2024-07-14T10:32:54Z"
  },
  "relationships": [
    {
      "spdxElementId": "SPDXRef-port",
      "relationshipType": "GENERATES",
      "relatedSpdxElement": "SPDXRef-binary"
    },
    {
      "spdxElementId": "SPDXRef-port",
      "relationshipType": "CONTAINS",
      "relatedSpdxElement": "SPDXRef-file-0"
    },
    {
      "spdxElementId": "SPDXRef-port",
      "relationshipType": "CONTAINS",
      "relatedSpdxElement": "SPDXRef-file-1"
    },
    {
      "spdxElementId": "SPDXRef-port",
      "relationshipType": "CONTAINS",
      "relatedSpdxElement": "SPDXRef-file-2"
    },
    {
      "spdxElementId": "SPDXRef-port",
      "relationshipType": "CONTAINS",
      "relatedSpdxElement": "SPDXRef-file-3"
    },
    {
      "spdxElementId": "SPDXRef-binary",
      "relationshipType": "GENERATED_FROM",
      "relatedSpdxElement": "SPDXRef-port"
    },
    {
      "spdxElementId": "SPDXRef-file-0",
      "relationshipType": "CONTAINED_BY",
      "relatedSpdxElement": "SPDXRef-port"
    },
    {
      "spdxElementId": "SPDXRef-file-1",
      "relationshipType": "CONTAINED_BY",
      "relatedSpdxElement": "SPDXRef-port"
    },
    {
      "spdxElementId": "SPDXRef-file-2",
      "relationshipType": "CONTAINED_BY",
      "relatedSpdxElement": "SPDXRef-port"
    },
    {
      "spdxElementId": "SPDXRef-file-3",
      "relationshipType": "CONTAINED_BY",
      "relatedSpdxElement": "SPDXRef-port"
    }
  ],
  "packages": [
    {
      "name": "jhasse-poly2tri",
      "SPDXID": "SPDXRef-port",
      "versionInfo": "2023-12-27",
      "downloadLocation": "git+https://github.com/Microsoft/vcpkg#ports/jhasse-poly2tri",
      "homepage": "https://github.com/jhasse/poly2tri",
      "licenseConcluded": "NOASSERTION",
      "licenseDeclared": "NOASSERTION",
      "copyrightText": "NOASSERTION",
      "description": "Sweep-line algorithm for constrained Delaunay triangulation",
      "comment": "This is the port (recipe) consumed by vcpkg."
    },
    {
      "name": "jhasse-poly2tri:x64-windows",
      "SPDXID": "SPDXRef-binary",
      "versionInfo": "8dd89486a3d0cfdc3e7b77dd3c5abcc84d420bcb46a4e0c5893c014dd6fc642d",
      "downloadLocation": "NONE",
      "licenseConcluded": "NOASSERTION",
      "licenseDeclared": "NOASSERTION",
      "copyrightText": "NOASSERTION",
      "comment": "This is a binary package built by vcpkg."
    },
    {
      "SPDXID": "SPDXRef-resource-1",
      "name": "jhasse/poly2tri",
      "downloadLocation": "git+https://github.com/jhasse/poly2tri@0171f030bd3d5c6747c29d93403546eed668a1b6",
      "licenseConcluded": "NOASSERTION",
      "licenseDeclared": "NOASSERTION",
      "copyrightText": "NOASSERTION",
      "checksums": [
        {
          "algorithm": "SHA512",
          "checksumValue": "b55d543ae7f9b447d3e0e39b66cf1ce55a48ed7949819db01d8adc0972182519c4b6b533e704a282da45a4d64f510fd33cd81ccb52307dc0e63622e83bcf0192"
        }
      ]
    }
  ],
  "files": [
    {
      "fileName": "./C:/Users/dogef/Documents/cpp files/libraries/assimp/vcpkg/ports/jhasse-poly2tri/cmake.patch",
      "SPDXID": "SPDXRef-file-0",
      "checksums": [
        {
          "algorithm": "SHA256",
          "checksumValue": "2fb1a350beafcfbaa0828a5ae239bea39857a273fcc0eddc739f3c1a4d1eee5f"
        }
      ],
      "licenseConcluded": "NOASSERTION",
      "copyrightText": "NOASSERTION"
    },
    {
      "fileName": "./C:/Users/dogef/Documents/cpp files/libraries/assimp/vcpkg/ports/jhasse-poly2tri/portfile.cmake",
      "SPDXID": "SPDXRef-file-1",
      "checksums": [
        {
          "algorithm": "SHA256",
          "checksumValue": "b7ab09e8ca9e4f0be95b313185e970ec04ceb2d49952c3cc3e925501b7c05248"
        }
      ],
      "licenseConcluded": "NOASSERTION",
      "copyrightText": "NOASSERTION"
    },
    {
      "fileName": "./C:/Users/dogef/Documents/cpp files/libraries/assimp/vcpkg/ports/jhasse-poly2tri/usage",
      "SPDXID": "SPDXRef-file-2",
      "checksums": [
        {
          "algorithm": "SHA256",
          "checksumValue": "a43d8475a030afb612ebb2940e23932ec8dcfcb9ba2dbb0ec8b417d7c920f771"
        }
      ],
      "licenseConcluded": "NOASSERTION",
      "copyrightText": "NOASSERTION"
    },
    {
      "fileName": "./C:/Users/dogef/Documents/cpp files/libraries/assimp/vcpkg/ports/jhasse-poly2tri/vcpkg.json",
      "SPDXID": "SPDXRef-file-3",
      "checksums": [
        {
          "algorithm": "SHA256",
          "checksumValue": "34c91851575f5fc675f624351e7d26035a09f936e039352e0572a9554802e47b"
        }
      ],
      "licenseConcluded": "NOASSERTION",
      "copyrightText": "NOASSERTION"
    }
  ]
}
