{
  "$schema": "https://raw.githubusercontent.com/spdx/spdx-spec/v2.2.1/schemas/spdx-schema.json",
  "spdxVersion": "SPDX-2.2",
  "dataLicense": "CC0-1.0",
  "SPDXID": "SPDXRef-DOCUMENT",
  "documentNamespace": "https://spdx.org/spdxdocs/polyclipping-x64-windows-6.4.2#12-94de2f79-492a-4e91-9f1a-fc11bfb6e939",
  "name": "polyclipping:x64-windows@6.4.2#12 ecabbd6fd01409f7214dd01c4984960d2460076c739d541ad5cbc273a0f0537c",
  "creationInfo": {
    "creators": [
      "Tool: vcpkg-2024-07-10-d2dfc73769081bdd9b782d08d27794780b7a99b9"
    ],
    "created": "2024-07-14T10:33:15Z"
  },
  "relationships": [
    {
      "spdxElementId": "SPDXRef-port",
      "relationshipType": "GENERATES",
      "relatedSpdxElement": "SPDXRef-binary"
    },
    {
      "spdxElementId": "SPDXRef-port",
      "relationshipType": "CONTAINS",
      "relatedSpdxElement": "SPDXRef-file-0"
    },
    {
      "spdxElementId": "SPDXRef-port",
      "relationshipType": "CONTAINS",
      "relatedSpdxElement": "SPDXRef-file-1"
    },
    {
      "spdxElementId": "SPDXRef-port",
      "relationshipType": "CONTAINS",
      "relatedSpdxElement": "SPDXRef-file-2"
    },
    {
      "spdxElementId": "SPDXRef-port",
      "relationshipType": "CONTAINS",
      "relatedSpdxElement": "SPDXRef-file-3"
    },
    {
      "spdxElementId": "SPDXRef-port",
      "relationshipType": "CONTAINS",
      "relatedSpdxElement": "SPDXRef-file-4"
    },
    {
      "spdxElementId": "SPDXRef-binary",
      "relationshipType": "GENERATED_FROM",
      "relatedSpdxElement": "SPDXRef-port"
    },
    {
      "spdxElementId": "SPDXRef-file-0",
      "relationshipType": "CONTAINED_BY",
      "relatedSpdxElement": "SPDXRef-port"
    },
    {
      "spdxElementId": "SPDXRef-file-1",
      "relationshipType": "CONTAINED_BY",
      "relatedSpdxElement": "SPDXRef-port"
    },
    {
      "spdxElementId": "SPDXRef-file-2",
      "relationshipType": "CONTAINED_BY",
      "relatedSpdxElement": "SPDXRef-port"
    },
    {
      "spdxElementId": "SPDXRef-file-3",
      "relationshipType": "CONTAINED_BY",
      "relatedSpdxElement": "SPDXRef-port"
    },
    {
      "spdxElementId": "SPDXRef-file-4",
      "relationshipType": "CONTAINED_BY",
      "relatedSpdxElement": "SPDXRef-port"
    }
  ],
  "packages": [
    {
      "name": "polyclipping",
      "SPDXID": "SPDXRef-port",
      "versionInfo": "6.4.2#12",
      "downloadLocation": "git+https://github.com/Microsoft/vcpkg#ports/polyclipping",
      "homepage": "https://sourceforge.net/projects/polyclipping/",
      "licenseConcluded": "NOASSERTION",
      "licenseDeclared": "NOASSERTION",
      "copyrightText": "NOASSERTION",
      "description": "The Clipper library performs clipping and offsetting for both lines and polygons. All four boolean clipping operations are supported - intersection, union, difference and exclusive-or. Polygons can be of any shape including self-intersecting polygons.",
      "comment": "This is the port (recipe) consumed by vcpkg."
    },
    {
      "name": "polyclipping:x64-windows",
      "SPDXID": "SPDXRef-binary",
      "versionInfo": "ecabbd6fd01409f7214dd01c4984960d2460076c739d541ad5cbc273a0f0537c",
      "downloadLocation": "NONE",
      "licenseConcluded": "NOASSERTION",
      "licenseDeclared": "NOASSERTION",
      "copyrightText": "NOASSERTION",
      "comment": "This is a binary package built by vcpkg."
    },
    {
      "SPDXID": "SPDXRef-resource-1",
      "name": "clipper_ver6.4.2.zip",
      "packageFileName": "clipper_ver6.4.2.zip",
      "downloadLocation": "https://sourceforge.net/projects/polyclipping/files//clipper_ver6.4.2.zip",
      "licenseConcluded": "NOASSERTION",
      "licenseDeclared": "NOASSERTION",
      "copyrightText": "NOASSERTION",
      "checksums": [
        {
          "algorithm": "SHA512",
          "checksumValue": "ffc88818c44a38aa278d5010db6cfd505796f39664919f1e48c7fa9267563f62135868993e88f7246dcd688241d1172878e4a008a390648acb99738452e3e5dd"
        }
      ]
    }
  ],
  "files": [
    {
      "fileName": "./C:/Users/dogef/Documents/cpp files/libraries/assimp/vcpkg/ports/polyclipping/FindCLIPPER.cmake",
      "SPDXID": "SPDXRef-file-0",
      "checksums": [
        {
          "algorithm": "SHA256",
          "checksumValue": "22237465082de21b916d8001513d47ee8f865d3bf06506fd62e517aeb56b7612"
        }
      ],
      "licenseConcluded": "NOASSERTION",
      "copyrightText": "NOASSERTION"
    },
    {
      "fileName": "./C:/Users/dogef/Documents/cpp files/libraries/assimp/vcpkg/ports/polyclipping/fix_targets.patch",
      "SPDXID": "SPDXRef-file-1",
      "checksums": [
        {
          "algorithm": "SHA256",
          "checksumValue": "c558cc02d489c240d82cb1d9ff33487bc9d1eba5e55740c5fa04f7ce40301452"
        }
      ],
      "licenseConcluded": "NOASSERTION",
      "copyrightText": "NOASSERTION"
    },
    {
      "fileName": "./C:/Users/dogef/Documents/cpp files/libraries/assimp/vcpkg/ports/polyclipping/portfile.cmake",
      "SPDXID": "SPDXRef-file-2",
      "checksums": [
        {
          "algorithm": "SHA256",
          "checksumValue": "71233633e4597038f8b481cc14b1080a069d9c507501bb31729ed1b9570ec87c"
        }
      ],
      "licenseConcluded": "NOASSERTION",
      "copyrightText": "NOASSERTION"
    },
    {
      "fileName": "./C:/Users/dogef/Documents/cpp files/libraries/assimp/vcpkg/ports/polyclipping/vcpkg-cmake-wrapper.cmake",
      "SPDXID": "SPDXRef-file-3",
      "checksums": [
        {
          "algorithm": "SHA256",
          "checksumValue": "466d568c07183380734a23334f545de5ffc75f8b729756e6ef881d88d658e852"
        }
      ],
      "licenseConcluded": "NOASSERTION",
      "copyrightText": "NOASSERTION"
    },
    {
      "fileName": "./C:/Users/dogef/Documents/cpp files/libraries/assimp/vcpkg/ports/polyclipping/vcpkg.json",
      "SPDXID": "SPDXRef-file-4",
      "checksums": [
        {
          "algorithm": "SHA256",
          "checksumValue": "17097081a06389d4753a4d0669c4aac7842e37c5e7b281b8e0985f19ef1ac57d"
        }
      ],
      "licenseConcluded": "NOASSERTION",
      "copyrightText": "NOASSERTION"
    }
  ]
}
