{
  "$schema": "https://raw.githubusercontent.com/spdx/spdx-spec/v2.2.1/schemas/spdx-schema.json",
  "spdxVersion": "SPDX-2.2",
  "dataLicense": "CC0-1.0",
  "SPDXID": "SPDXRef-DOCUMENT",
  "documentNamespace": "https://spdx.org/spdxdocs/vcpkg-cmake-get-vars-x64-windows-2023-12-31-68223fa3-7de1-4edf-91f9-9af6fa71b32b",
  "name": "vcpkg-cmake-get-vars:x64-windows@2023-12-31 1c09fcc92f6044b8d4a91caf734cbed9e5633e22f699c38b26ddf4ae28fd7c99",
  "creationInfo": {
    "creators": [
      "Tool: vcpkg-2024-07-10-d2dfc73769081bdd9b782d08d27794780b7a99b9"
    ],
    "created": "2024-07-14T10:32:57Z"
  },
  "relationships": [
    {
      "spdxElementId": "SPDXRef-port",
      "relationshipType": "GENERATES",
      "relatedSpdxElement": "SPDXRef-binary"
    },
    {
      "spdxElementId": "SPDXRef-port",
      "relationshipType": "CONTAINS",
      "relatedSpdxElement": "SPDXRef-file-0"
    },
    {
      "spdxElementId": "SPDXRef-port",
      "relationshipType": "CONTAINS",
      "relatedSpdxElement": "SPDXRef-file-1"
    },
    {
      "spdxElementId": "SPDXRef-port",
      "relationshipType": "CONTAINS",
      "relatedSpdxElement": "SPDXRef-file-2"
    },
    {
      "spdxElementId": "SPDXRef-port",
      "relationshipType": "CONTAINS",
      "relatedSpdxElement": "SPDXRef-file-3"
    },
    {
      "spdxElementId": "SPDXRef-port",
      "relationshipType": "CONTAINS",
      "relatedSpdxElement": "SPDXRef-file-4"
    },
    {
      "spdxElementId": "SPDXRef-binary",
      "relationshipType": "GENERATED_FROM",
      "relatedSpdxElement": "SPDXRef-port"
    },
    {
      "spdxElementId": "SPDXRef-file-0",
      "relationshipType": "CONTAINED_BY",
      "relatedSpdxElement": "SPDXRef-port"
    },
    {
      "spdxElementId": "SPDXRef-file-1",
      "relationshipType": "CONTAINED_BY",
      "relatedSpdxElement": "SPDXRef-port"
    },
    {
      "spdxElementId": "SPDXRef-file-2",
      "relationshipType": "CONTAINED_BY",
      "relatedSpdxElement": "SPDXRef-port"
    },
    {
      "spdxElementId": "SPDXRef-file-3",
      "relationshipType": "CONTAINED_BY",
      "relatedSpdxElement": "SPDXRef-port"
    },
    {
      "spdxElementId": "SPDXRef-file-4",
      "relationshipType": "CONTAINED_BY",
      "relatedSpdxElement": "SPDXRef-port"
    }
  ],
  "packages": [
    {
      "name": "vcpkg-cmake-get-vars",
      "SPDXID": "SPDXRef-port",
      "versionInfo": "2023-12-31",
      "downloadLocation": "git+https://github.com/Microsoft/vcpkg#ports/vcpkg-cmake-get-vars",
      "licenseConcluded": "MIT",
      "licenseDeclared": "NOASSERTION",
      "copyrightText": "NOASSERTION",
      "comment": "This is the port (recipe) consumed by vcpkg."
    },
    {
      "name": "vcpkg-cmake-get-vars:x64-windows",
      "SPDXID": "SPDXRef-binary",
      "versionInfo": "1c09fcc92f6044b8d4a91caf734cbed9e5633e22f699c38b26ddf4ae28fd7c99",
      "downloadLocation": "NONE",
      "licenseConcluded": "MIT",
      "licenseDeclared": "NOASSERTION",
      "copyrightText": "NOASSERTION",
      "comment": "This is a binary package built by vcpkg."
    }
  ],
  "files": [
    {
      "fileName": "./C:/Users/dogef/Documents/cpp files/libraries/assimp/vcpkg/ports/vcpkg-cmake-get-vars/cmake_get_vars/CMakeLists.txt",
      "SPDXID": "SPDXRef-file-0",
      "checksums": [
        {
          "algorithm": "SHA256",
          "checksumValue": "75a1291434249775e2f82942e9e04b41efef3e8cded19c30a9940c691ad9148f"
        }
      ],
      "licenseConcluded": "NOASSERTION",
      "copyrightText": "NOASSERTION"
    },
    {
      "fileName": "./C:/Users/dogef/Documents/cpp files/libraries/assimp/vcpkg/ports/vcpkg-cmake-get-vars/portfile.cmake",
      "SPDXID": "SPDXRef-file-1",
      "checksums": [
        {
          "algorithm": "SHA256",
          "checksumValue": "bbcf9d6b88dd539617f4cfc1f76acbbe9a6e31fc373d79c1c626278768ea2e2a"
        }
      ],
      "licenseConcluded": "NOASSERTION",
      "copyrightText": "NOASSERTION"
    },
    {
      "fileName": "./C:/Users/dogef/Documents/cpp files/libraries/assimp/vcpkg/ports/vcpkg-cmake-get-vars/vcpkg-port-config.cmake",
      "SPDXID": "SPDXRef-file-2",
      "checksums": [
        {
          "algorithm": "SHA256",
          "checksumValue": "4fd4c2e909bbdf069eb3c59b4b847b0b386cdb41840714e12b34b7eff41f9e22"
        }
      ],
      "licenseConcluded": "NOASSERTION",
      "copyrightText": "NOASSERTION"
    },
    {
      "fileName": "./C:/Users/dogef/Documents/cpp files/libraries/assimp/vcpkg/ports/vcpkg-cmake-get-vars/vcpkg.json",
      "SPDXID": "SPDXRef-file-3",
      "checksums": [
        {
          "algorithm": "SHA256",
          "checksumValue": "90ff3bf8d338ffa039b69e800a1758c30f939085efcf1dfcee4d975871475a09"
        }
      ],
      "licenseConcluded": "NOASSERTION",
      "copyrightText": "NOASSERTION"
    },
    {
      "fileName": "./C:/Users/dogef/Documents/cpp files/libraries/assimp/vcpkg/ports/vcpkg-cmake-get-vars/vcpkg_cmake_get_vars.cmake",
      "SPDXID": "SPDXRef-file-4",
      "checksums": [
        {
          "algorithm": "SHA256",
          "checksumValue": "da894e0dafa6ef0acdc641f12b02633f273322d86a6d2e7065dc56134478cea3"
        }
      ],
      "licenseConcluded": "NOASSERTION",
      "copyrightText": "NOASSERTION"
    }
  ]
}
